covariates,num_sites,r2,pcc,scc,scc_p,mse,mae,AIC,BIC
with_cov,44,0.40139348695443255,0.6354839579201976,0.5835533794938517,1.9583037369669318e-110,29.39910061162673,4.11939889879223,4167.156898922529,4447.111124890213
no_cov,36,0.34621895129616154,0.5890546095111392,0.5318855726006948,1.340674334062689e-88,32.108863518756706,4.327489624204898,4238.958536921119,4432.38145668061
