covariates,num_sites,r2,pcc,scc,scc_p,mse,mae,AIC,BIC
with_cov,67,0.6479573550407649,0.805578792294825,0.7615672394090498,9.897437305325482e-241,219.76149308842216,11.706990722289456,7001.744315973598,7423.650399043366
no_cov,55,0.5843318181149251,0.7649929514869386,0.7169089383157194,1.442527928832841e-200,259.4795306432025,12.815320481799871,7178.4034751349955,7512.841223909812
